0,0,9.1577730178833
0,1,9.100177764892578
0,2,9.041647911071777
0,3,8.957688331604004
0,4,8.748754501342773
0,5,8.635164260864258
0,6,8.529576301574707
0,7,8.260492324829102
0,8,8.185505867004395
0,9,8.040573120117188
0,10,7.850025177001953
0,11,7.841048717498779
0,12,7.358271598815918
0,13,7.5081706047058105
0,14,7.124455451965332
0,15,7.069494724273682
0,16,6.886547565460205
0,17,6.740187168121338
0,18,6.589240074157715
0,19,6.400701999664307
0,20,6.418071269989014
0,21,6.239064693450928
0,22,6.174860000610352
0,23,6.22607421875
0,24,6.013814926147461
0,25,5.927304744720459
0,26,5.589643478393555
0,27,5.640789985656738
0,28,6.334109783172607
0,29,6.101428031921387
0,30,5.944487571716309
0,31,5.756782531738281
0,32,5.925466537475586
0,33,5.952926158905029
0,34,5.846409797668457
0,35,5.866125583648682
0,36,5.7151079177856445
0,37,5.589845180511475
0,38,5.61629581451416
0,39,5.522146701812744
0,40,5.404062271118164
0,41,5.616872787475586
0,42,6.0865936279296875
0,43,5.895751953125
0,44,5.937134265899658
0,45,6.082788944244385
0,46,5.991511821746826
0,47,5.711392402648926
0,48,5.550119876861572
0,49,5.601370334625244
0,50,5.516426086425781
0,51,5.735779762268066
0,52,5.652004241943359
0,53,5.809232234954834
0,54,5.543544292449951
0,55,5.918320178985596
0,56,5.869113922119141
0,57,5.539841651916504
0,58,5.835763454437256
0,59,5.904799461364746
0,60,5.832399845123291
0,61,5.654076099395752
0,62,5.839118480682373
0,63,5.548940181732178
0,64,5.483570098876953
0,65,5.541171550750732
0,66,5.914393901824951
0,67,5.573094367980957
0,68,5.7675933837890625
0,69,5.773583889007568
0,70,5.499387741088867
0,71,5.341300010681152
0,72,5.489668369293213
0,73,5.613627910614014
0,74,5.5272603034973145
0,75,5.543158531188965
0,76,5.300609588623047
0,77,5.234852313995361
0,78,5.309347152709961
0,79,5.5120744705200195
0,80,5.070794582366943
0,81,5.640190124511719
0,82,5.351844310760498
0,83,5.188045501708984
0,84,4.966137886047363
0,85,4.966848373413086
0,86,5.610291481018066
0,87,5.759003639221191
0,88,5.5528483390808105
0,89,5.395514488220215
0,90,5.24036169052124
0,91,5.123507499694824
0,92,5.151925563812256
0,93,5.4129204750061035
0,94,5.397064208984375
0,95,5.21010160446167
0,96,5.642935752868652
0,97,5.153748512268066
0,98,5.0047502517700195
0,99,5.248835563659668
0,100,5.190244197845459
0,101,5.351114749908447
0,102,5.166192054748535
0,103,4.883458614349365
0,104,5.0222086906433105
0,105,4.922564506530762
0,106,5.237768650054932
0,107,5.214086532592773
0,108,5.254714012145996
0,109,5.260334491729736
0,110,5.2861647605896
0,111,5.127289772033691
0,112,5.147000312805176
0,113,5.125811576843262
0,114,4.603280067443848
0,115,4.90287446975708
0,116,4.886180400848389
0,117,4.961410999298096
0,118,4.900956153869629
0,119,5.4114532470703125
0,120,5.767299175262451
0,121,5.658649921417236
0,122,5.271058082580566
0,123,5.436269283294678
0,124,5.076877117156982
0,125,4.988253593444824
0,126,5.2208709716796875
0,127,5.303273677825928
0,128,4.948308944702148
0,129,5.021970748901367
0,130,5.385633945465088
0,131,5.2223405838012695
0,132,5.002158164978027
0,133,5.3736066818237305
0,134,5.426676273345947
0,135,5.0855488777160645
0,136,4.872381687164307
0,137,5.30895471572876
0,138,5.028493881225586
0,139,5.065002918243408
0,140,5.054881572723389
0,141,4.916189193725586
0,142,4.826255798339844
0,143,4.807602882385254
0,144,4.889894008636475
0,145,5.087475299835205
0,146,4.969022750854492
0,147,4.876308917999268
0,148,4.783357620239258
0,149,4.720167636871338
0,150,4.935235977172852
0,151,5.046544551849365
0,152,5.136078357696533
0,153,4.981556415557861
0,154,4.4797892570495605
0,155,4.827875137329102
0,156,4.850305557250977
0,157,4.693079471588135
0,158,5.088944911956787
0,159,4.722172737121582
0,160,4.98557186126709
0,161,4.579010486602783
0,162,4.968194007873535
0,163,4.752603054046631
0,164,4.730662822723389
0,165,5.149265289306641
0,166,5.239656925201416
0,167,5.167524814605713
0,168,4.733534812927246
0,169,4.858065128326416
0,170,4.658824920654297
0,171,4.894413948059082
0,172,4.953780651092529
0,173,4.826912879943848
0,174,4.863320350646973
0,175,4.981441020965576
0,176,4.796278476715088
0,177,5.009588241577148
0,178,5.024503231048584
0,179,4.6809773445129395
0,180,4.936305999755859
0,181,4.8946733474731445
0,182,4.496033191680908
0,183,4.659740924835205
0,184,4.475885391235352
0,185,4.465635776519775
0,186,4.906193256378174
0,187,4.856013298034668
0,188,4.845225811004639
0,189,4.689538478851318
0,190,4.884579658508301
0,191,4.842381000518799
0,192,4.765191078186035
0,193,4.760848522186279
0,194,4.9487152099609375
0,195,5.321969985961914
0,196,4.955211162567139
0,197,4.9125075340271
0,198,5.022918701171875
0,199,5.039732456207275
0,200,5.288538455963135
0,201,4.830211162567139
0,202,4.775111198425293
0,203,4.890119552612305
0,204,4.516677379608154
0,205,4.814806938171387
0,206,4.571269989013672
0,207,4.468869686126709
0,208,4.574474334716797
0,209,4.7409796714782715
0,210,4.877838611602783
0,211,4.518582820892334
0,212,4.509041786193848
0,213,4.652551651000977
0,214,4.459086894989014
0,215,4.781830787658691
0,216,4.672900199890137
0,217,4.536312580108643
0,218,4.724032878875732
0,219,4.758975505828857
0,220,4.694022178649902
0,221,4.469736576080322
0,222,4.523489475250244
0,223,4.568645477294922
0,224,4.658209323883057
0,225,4.532332897186279
0,226,5.0803914070129395
0,227,4.650466442108154
0,228,4.921453475952148
0,229,4.49627161026001
0,230,4.536950588226318
0,231,4.8856201171875
0,232,4.75689697265625
0,233,4.444035530090332
0,234,4.447711944580078
0,235,4.630334854125977
0,236,4.500712871551514
0,237,4.659490585327148
0,238,4.917913436889648
0,239,4.469130039215088
0,240,4.356482982635498
0,241,4.775432586669922
0,242,4.757400989532471
0,243,4.887073516845703
0,244,5.017274856567383
0,245,4.6968770027160645
0,246,4.456212520599365
0,247,4.4496684074401855
0,248,4.749859809875488
0,249,4.603982925415039
0,250,4.42491340637207
0,251,4.686028003692627
0,252,4.825930118560791
0,253,4.389588832855225
0,254,4.758788585662842
0,255,4.3573317527771
0,256,4.79502010345459
0,257,4.122480392456055
0,258,4.979280471801758
0,259,4.20863151550293
0,260,4.496359825134277
0,261,4.762759685516357
0,262,4.651993274688721
0,263,4.499648571014404
0,264,4.955596446990967
0,265,4.63748836517334
0,266,4.838449954986572
0,267,4.6187849044799805
0,268,4.349879741668701
0,269,4.532634735107422
0,270,4.346810817718506
0,271,4.359306812286377
0,272,4.80886173248291
0,273,4.609074115753174
0,274,4.762440204620361
0,275,4.6830735206604
0,276,4.252662658691406
0,277,4.52863073348999
0,278,4.379962921142578
0,279,4.467714786529541
0,280,4.465286731719971
0,281,4.218721866607666
0,282,4.438074588775635
0,283,4.743615627288818
0,284,5.015195369720459
0,285,4.501705646514893
0,286,4.664942264556885
0,287,4.424379348754883
0,288,4.47933292388916
0,289,4.205720901489258
0,290,4.763078212738037
0,291,4.42650842666626
0,292,4.492602825164795
0,293,4.587940216064453
0,294,4.529780387878418
0,295,4.230273723602295
0,296,4.412750244140625
0,297,4.173437118530273
0,298,4.51369047164917
0,299,4.525081157684326
0,300,4.255326271057129
0,301,4.169065952301025
0,302,4.330564498901367
0,303,4.363391399383545
0,304,4.719884872436523
0,305,4.534934997558594
0,306,4.537935256958008
0,307,4.347830772399902
0,308,4.538821220397949
0,309,4.375649452209473
0,310,4.594738483428955
0,311,4.529813289642334
0,312,4.614920139312744
0,313,4.399852752685547
0,314,4.714430332183838
0,315,4.510719299316406
0,316,4.4115705490112305
0,317,4.408021450042725
0,318,4.432858943939209
0,319,4.343057155609131
0,320,4.347534656524658
0,321,4.496089458465576
0,322,4.4514384269714355
0,323,4.588169574737549
0,324,4.777671813964844
0,325,4.5003180503845215
0,326,4.727401256561279
0,327,4.720820903778076
0,328,4.463103294372559
0,329,4.5364227294921875
0,330,4.265127182006836
0,331,4.503125190734863
0,332,4.826681613922119
0,333,4.363593101501465
0,334,4.465986251831055
0,335,4.335943222045898
0,336,4.628809452056885
0,337,4.639456748962402
0,338,4.596151828765869
0,339,4.490368843078613
0,340,4.449564456939697
0,341,4.150633335113525
0,342,4.099168300628662
0,343,4.227034568786621
0,344,4.67119026184082
0,345,4.887800216674805
0,346,4.80131721496582
0,347,4.815651893615723
0,348,4.467799186706543
0,349,4.874013900756836
0,350,4.596930027008057
0,351,4.728298187255859
0,352,4.230436325073242
0,353,4.286836624145508
0,354,4.513068675994873
0,355,4.484615325927734
0,356,4.4283833503723145
0,357,4.449952602386475
0,358,4.296207427978516
0,359,4.315713882446289
0,360,3.828584671020508
0,361,4.448256492614746
0,362,4.185047149658203
0,363,4.211090564727783
0,364,4.019104480743408
0,365,3.750800609588623
0,366,4.516320705413818
0,367,4.6873884201049805
0,368,4.415146350860596
0,369,3.9467902183532715
0,370,4.127826690673828
0,371,4.316091060638428
0,372,3.8672711849212646
0,373,4.322399139404297
0,374,4.179562568664551
0,375,4.539872646331787
0,376,4.459718704223633
0,377,4.649828910827637
0,378,4.464800834655762
0,379,4.372466564178467
0,380,4.5739898681640625
0,381,4.521858215332031
0,382,4.665689945220947
0,383,4.452339172363281
0,384,4.516421794891357
0,385,4.562071323394775
0,386,4.289238929748535
0,387,4.678474426269531
0,388,4.2796101570129395
0,389,4.5203728675842285
0,390,4.5158772468566895
0,391,4.690706253051758
0,392,4.300963878631592
0,393,4.5230607986450195
0,394,4.725744724273682
0,395,4.373927116394043
0,396,4.11101770401001
0,397,4.2395124435424805
0,398,4.496704578399658
0,399,4.1836018562316895
0,400,4.204324722290039
0,401,4.608393669128418
0,402,4.477015018463135
0,403,4.289161205291748
0,404,4.50960636138916
0,405,4.5214715003967285
0,406,4.66486120223999
0,407,4.652904033660889
0,408,4.248833179473877
0,409,4.477938652038574
0,410,4.284115314483643
0,411,4.408459663391113
0,412,4.453976631164551
0,413,4.568285942077637
0,414,4.278642177581787
0,415,4.140385627746582
0,416,4.175598621368408
0,417,4.396954536437988
0,418,4.495823383331299
0,419,4.116011142730713
0,420,3.966135263442993
0,421,4.115317344665527
0,422,4.12648344039917
0,423,3.8945999145507812
0,424,4.468897819519043
0,425,4.303220748901367
0,426,3.9592204093933105
0,427,4.759191036224365
0,428,4.35272216796875
0,429,4.457092761993408
0,430,4.584107398986816
0,431,4.4429097175598145
0,432,4.267374038696289
0,433,4.400360107421875
0,434,4.665910720825195
0,435,4.365157127380371
0,436,4.3003387451171875
0,437,3.9404189586639404
0,438,4.316456317901611
0,439,4.416667461395264
0,440,4.26896858215332
0,441,4.13738489151001
0,442,4.174587726593018
0,443,4.098668575286865
0,444,3.9900710582733154
0,445,3.883354902267456
0,446,4.537715435028076
0,447,4.074057579040527
0,448,4.316970348358154
0,449,4.505892753601074
0,450,4.259021759033203
0,451,4.0761637687683105
0,452,3.8513078689575195
0,453,3.7288999557495117
0,454,4.3297553062438965
0,455,3.9588966369628906
0,456,4.388319492340088
0,457,4.262179374694824
0,458,4.586126327514648
0,459,4.259435176849365
0,460,4.56294584274292
0,461,3.8641979694366455
0,462,4.205284118652344
0,463,4.452528953552246
0,464,4.328862190246582
0,465,4.670073986053467
0,466,4.570891857147217
0,467,4.567625999450684
0,468,4.352084159851074
0,469,4.081120491027832
0,470,4.3382134437561035
0,471,4.289088249206543
0,472,4.0414934158325195
0,473,4.113095283508301
0,474,4.594804286956787
0,475,4.668945789337158
0,476,4.201361656188965
0,477,4.426100730895996
0,478,4.358419418334961
0,479,4.195493221282959
0,480,3.8305416107177734
0,481,4.01268196105957
0,482,4.150956153869629
0,483,3.9960389137268066
0,484,4.168879985809326
0,485,4.37640905380249
0,486,4.479703903198242
0,487,4.435314655303955
0,488,4.651097774505615
0,489,4.340837478637695
0,490,4.0381364822387695
0,491,4.171639919281006
0,492,4.020701885223389
0,493,4.273439407348633
0,494,4.304115295410156
0,495,4.127171516418457
0,496,4.1786017417907715
0,497,4.259791851043701
0,498,4.439765453338623
0,499,4.186897277832031
0,500,4.010374546051025
0,501,4.136923313140869
0,502,3.791718006134033
0,503,4.259190559387207
0,504,4.319735050201416
0,505,4.6008453369140625
0,506,4.615429878234863
0,507,4.403863430023193
0,508,4.021389484405518
0,509,4.261047840118408
0,510,4.428077697753906
0,511,4.077033996582031
0,512,4.044956207275391
0,513,4.502284049987793
0,514,4.378172397613525
0,515,4.326817989349365
0,516,4.209962844848633
0,517,4.149452209472656
0,518,4.461193084716797
0,519,4.11418342590332
0,520,3.9597411155700684
0,521,3.8926174640655518
0,522,4.27769660949707
0,523,4.346320152282715
0,524,3.935088634490967
0,525,3.9106011390686035
0,526,3.8211421966552734
0,527,4.173743724822998
0,528,4.040698051452637
0,529,3.88665771484375
0,530,4.365830421447754
0,531,3.9889047145843506
0,532,4.393325328826904
0,533,4.763355255126953
0,534,4.416086196899414
0,535,4.2434401512146
0,536,4.270876884460449
0,537,4.096329212188721
0,538,4.146327018737793
0,539,3.8121657371520996
0,540,4.287132263183594
0,541,4.360058784484863
0,542,4.237367630004883
0,543,4.171836853027344
0,544,4.5680012702941895
0,545,4.15972375869751
0,546,4.314454078674316
0,547,4.494449138641357
0,548,3.9925129413604736
0,549,4.213696479797363
0,550,4.458545207977295
0,551,4.22598123550415
0,552,4.361921310424805
0,553,4.044163703918457
0,554,4.198652744293213
0,555,4.209446907043457
0,556,3.904036045074463
0,557,4.053767681121826
0,558,4.006516456604004
0,559,4.233754634857178
0,560,4.341648578643799
0,561,4.343075752258301
0,562,4.294962406158447
0,563,4.193853855133057
0,564,4.386789798736572
0,565,4.233537197113037
0,566,4.203958511352539
0,567,4.203378200531006
0,568,4.3223490715026855
0,569,3.7039642333984375
0,570,4.180236339569092
0,571,4.094430446624756
0,572,4.074858665466309
0,573,4.017290115356445
0,574,4.229228496551514
0,575,4.775135517120361
0,576,4.301980018615723
0,577,3.944472074508667
0,578,4.114485740661621
0,579,3.904017448425293
0,580,4.271481990814209
0,581,4.003569602966309
0,582,5.004493236541748
0,583,4.201595783233643
0,584,4.336503028869629
0,585,4.303030967712402
0,586,4.645081996917725
0,587,4.304477691650391
0,588,4.277501583099365
0,589,4.2722930908203125
0,590,4.230247974395752
0,591,4.37328577041626
0,592,4.106068134307861
0,593,4.310178279876709
0,594,4.3423171043396
0,595,4.030618667602539
0,596,3.9265646934509277
0,597,3.7316513061523438
0,598,3.7001278400421143
0,599,3.8484857082366943
0,600,3.9955291748046875
0,601,3.922652006149292
0,602,4.1101813316345215
0,603,4.4344940185546875
0,604,4.464919567108154
0,605,3.8890678882598877
0,606,3.976983070373535
0,607,4.069666862487793
0,608,4.226459980010986
0,609,3.7961533069610596
0,610,4.044127464294434
0,611,4.307277202606201
0,612,4.367595672607422
0,613,4.300075531005859
0,614,4.393343925476074
0,615,4.56472635269165
0,616,4.2180328369140625
0,617,4.037181377410889
0,618,4.322812557220459
0,619,3.9949934482574463
0,620,4.066247463226318
0,621,4.135786056518555
0,622,4.2651801109313965
0,623,4.082891941070557
0,624,4.15377950668335
0,625,4.075425624847412
0,626,3.797680139541626
0,627,4.425582408905029
0,628,4.4023332595825195
0,629,3.9104340076446533
0,630,4.013247013092041
0,631,3.986633777618408
0,632,3.8540289402008057
0,633,4.149851322174072
0,634,3.948911428451538
0,635,3.654845952987671
0,636,3.8471779823303223
0,637,3.9376790523529053
0,638,4.054655075073242
0,639,4.194265365600586
0,640,4.105401039123535
0,641,4.306423664093018
0,642,4.071804523468018
0,643,4.274266719818115
0,644,4.208034992218018
0,645,4.023805141448975
0,646,4.108654975891113
0,647,3.9973995685577393
0,648,3.7706358432769775
0,649,3.802293539047241
0,650,3.964128017425537
0,651,3.845346212387085
0,652,3.8710107803344727
0,653,3.68023419380188
0,654,4.021724700927734
0,655,3.7914373874664307
0,656,3.8912148475646973
0,657,3.793654203414917
0,658,3.988929510116577
0,659,3.926123857498169
0,660,4.222048282623291
0,661,4.411351680755615
0,662,4.589834213256836
0,663,4.469752311706543
0,664,4.141664981842041
0,665,3.836254835128784
0,666,3.9260740280151367
0,667,4.280219554901123
0,668,4.186485290527344
0,669,4.2476325035095215
0,670,3.8592023849487305
0,671,3.890911817550659
0,672,3.951324701309204
0,673,3.942742109298706
0,674,3.6967427730560303
0,675,4.461825847625732
0,676,4.095992088317871
0,677,4.258422374725342
0,678,3.7109315395355225
0,679,4.232771396636963
0,680,4.618652820587158
0,681,4.067789554595947
0,682,4.002572536468506
0,683,4.353222846984863
0,684,4.134905815124512
0,685,4.232749938964844
0,686,3.5743563175201416
0,687,3.846179485321045
0,688,4.095145225524902
0,689,4.037341117858887
0,690,4.39790678024292
0,691,4.532702922821045
0,692,4.236336708068848
0,693,4.213731288909912
0,694,3.818019151687622
0,695,4.467413902282715
0,696,4.234604358673096
0,697,3.5650625228881836
0,698,4.285176753997803
0,699,4.240067481994629
0,700,4.1031694412231445
0,701,4.070492744445801
0,702,3.957350015640259
0,703,4.488272666931152
0,704,4.3138227462768555
0,705,3.8237953186035156
0,706,3.748150110244751
0,707,4.115959644317627
0,708,4.153412342071533
0,709,3.619800090789795
0,710,3.9216816425323486
0,711,4.225014686584473
0,712,3.9299046993255615
0,713,4.238307952880859
0,714,3.9493794441223145
0,715,4.098934650421143
0,716,3.9794418811798096
0,717,4.242311954498291
0,718,4.073845386505127
0,719,4.100088596343994
0,720,3.8117799758911133
0,721,3.7461812496185303
0,722,3.944784641265869
0,723,3.799312114715576
0,724,4.237052917480469
0,725,3.9781370162963867
0,726,3.8570468425750732
0,727,4.276080131530762
0,728,4.0925703048706055
0,729,4.009491443634033
0,730,4.315393447875977
0,731,4.002008438110352
0,732,3.8461194038391113
0,733,3.8380587100982666
0,734,4.076925754547119
0,735,3.316065549850464
0,736,3.8468117713928223
0,737,4.469143390655518
0,738,4.18736457824707
0,739,4.129147052764893
0,740,4.446632385253906
0,741,4.090146541595459
0,742,3.9883646965026855
0,743,4.4552412033081055
0,744,3.750467300415039
0,745,4.064272403717041
0,746,3.731367826461792
0,747,4.199982643127441
0,748,3.8582472801208496
0,749,4.051847457885742
0,750,4.179924488067627
0,751,4.1551995277404785
0,752,4.316498279571533
0,753,4.344968318939209
0,754,4.219679832458496
0,755,4.087711334228516
0,756,3.963013172149658
0,757,3.891453504562378
0,758,4.381660461425781
0,759,4.1651129722595215
0,760,3.9453322887420654
0,761,4.288712024688721
0,762,3.847384214401245
0,763,3.443206787109375
0,764,3.542296886444092
0,765,4.086233139038086
0,766,3.9062247276306152
0,767,3.7643611431121826
0,768,3.7874717712402344
0,769,4.515995979309082
0,770,4.102152347564697
0,771,4.446104049682617
0,772,4.27245569229126
0,773,3.746638774871826
0,774,4.321468830108643
0,775,4.064272403717041
0,776,3.894662618637085
0,777,4.167756080627441
0,778,3.860313653945923
0,779,4.081202507019043
0,780,4.504496097564697
0,781,3.8661298751831055
0,782,3.874105215072632
0,783,4.304739952087402
0,784,4.554768085479736
0,785,4.11587381362915
0,786,4.130748271942139
0,787,3.8847780227661133
0,788,4.366939544677734
0,789,3.991304874420166
0,790,3.4607632160186768
0,791,3.728478193283081
0,792,3.9309582710266113
0,793,4.176730155944824
0,794,4.176938533782959
0,795,4.189255237579346
0,796,3.663249969482422
0,797,3.7730326652526855
0,798,3.595498561859131
0,799,3.8142435550689697
0,800,3.9910919666290283
0,801,4.05390739440918
0,802,3.9174182415008545
0,803,3.954223394393921
0,804,3.907630681991577
0,805,3.878262519836426
0,806,4.004207611083984
0,807,4.137655258178711
0,808,3.902665853500366
0,809,3.8244454860687256
0,810,4.12253475189209
0,811,3.52575421333313
0,812,3.597980499267578
0,813,3.7609097957611084
0,814,3.6782026290893555
0,815,3.9272406101226807
0,816,4.191379547119141
0,817,4.008762836456299
0,818,3.7580254077911377
0,819,4.052720546722412
0,820,4.172859191894531
0,821,4.0745930671691895
0,822,4.0878801345825195
0,823,3.9917824268341064
0,824,3.8449206352233887
0,825,3.58060622215271
0,826,4.079568386077881
0,827,3.8772335052490234
0,828,4.349201679229736
0,829,3.9135758876800537
0,830,4.329874515533447
0,831,4.222682952880859
0,832,3.3778374195098877
0,833,3.756740093231201
0,834,4.281036376953125
0,835,3.865499973297119
0,836,3.626842737197876
0,837,3.948869228363037
0,838,3.8038806915283203
0,839,3.3129348754882812
0,840,3.142319679260254
0,841,3.465914011001587
0,842,3.8855206966400146
0,843,4.086576461791992
0,844,3.5879852771759033
0,845,4.177364826202393
0,846,4.2486419677734375
0,847,3.954092025756836
0,848,4.2851409912109375
0,849,4.214176177978516
0,850,4.108434677124023
0,851,4.135410308837891
0,852,4.181034088134766
0,853,4.039327621459961
0,854,3.9654507637023926
0,855,4.220299243927002
0,856,4.068756580352783
0,857,3.95857310295105
0,858,4.2667388916015625
0,859,4.274297714233398
0,860,3.4746909141540527
0,861,4.35152530670166
0,862,4.120234489440918
0,863,3.8026621341705322
0,864,3.9990901947021484
0,865,4.082700729370117
0,866,3.7586445808410645
0,867,4.028097152709961
0,868,3.5117876529693604
0,869,3.862999200820923
0,870,3.415508270263672
0,871,3.634211540222168
0,872,4.148038864135742
0,873,3.760547399520874
0,874,3.9651479721069336
0,875,4.350073337554932
0,876,3.7151906490325928
0,877,4.369778156280518
0,878,4.024729251861572
0,879,4.115898609161377
0,880,3.735133409500122
0,881,3.905792474746704
0,882,4.0153350830078125
0,883,3.9820990562438965
0,884,3.9357106685638428
0,885,3.771066427230835
0,886,4.040240287780762
0,887,3.596961736679077
0,888,3.99133563041687
0,889,3.8692851066589355
0,890,3.6465773582458496
0,891,3.582134962081909
0,892,3.5932133197784424
0,893,3.905174732208252
0,894,4.018116474151611
0,895,4.411282062530518
0,896,4.028972148895264
0,897,4.057566165924072
0,898,4.08619499206543
0,899,3.7362658977508545
0,900,3.7034010887145996
0,901,3.8640806674957275
0,902,3.8651297092437744
0,903,3.9749467372894287
0,904,4.363759994506836
0,905,4.048000335693359
0,906,3.9866340160369873
0,907,3.864793062210083
0,908,3.9507789611816406
0,909,3.6808643341064453
0,910,3.9174411296844482
0,911,4.369880676269531
0,912,3.8672871589660645
0,913,3.9189529418945312
0,914,3.8835675716400146
0,915,3.6038501262664795
0,916,3.6335504055023193
0,917,3.8622303009033203
0,918,3.961153984069824
0,919,3.730525255203247
0,920,4.016452312469482
0,921,4.456931114196777
0,922,4.258538246154785
0,923,4.277469635009766
0,924,4.045875072479248
0,925,3.909759283065796
0,926,3.7823703289031982
0,927,4.217325210571289
0,928,4.258245468139648
0,929,4.130040168762207
0,930,3.7795186042785645
0,931,4.228484153747559
0,932,4.07140588760376
0,933,3.732024669647217
0,934,3.9915714263916016
0,935,3.6851646900177
0,936,3.8176066875457764
0,937,4.108706474304199
0,938,4.024162292480469
0,939,4.0804123878479
0,940,4.424304008483887
0,941,3.8931586742401123
0,942,4.288238048553467
0,943,3.9774746894836426
0,944,3.6758081912994385
0,945,3.827225923538208
0,946,4.047523498535156
0,947,3.691377639770508
0,948,3.7301135063171387
0,949,4.061619758605957
0,950,3.7940235137939453
0,951,3.9964098930358887
0,952,3.948640823364258
0,953,3.8389127254486084
0,954,3.8015522956848145
0,955,4.175000190734863
0,956,4.173768520355225
0,957,3.8656983375549316
0,958,3.994478702545166
0,959,3.8963913917541504
0,960,4.101505279541016
0,961,3.6030571460723877
0,962,4.073483467102051
0,963,3.865840435028076
0,964,3.9304521083831787
0,965,3.9791977405548096
0,966,3.926701307296753
0,967,4.00184965133667
0,968,3.969019651412964
0,969,3.7013936042785645
0,970,3.7466869354248047
0,971,3.281968593597412
0,972,3.904583692550659
0,973,3.8723723888397217
0,974,4.009973049163818
0,975,3.876655340194702
0,976,3.997441053390503
0,977,4.2701239585876465
0,978,3.802337169647217
0,979,4.073437213897705
0,980,3.8226888179779053
0,981,3.5839099884033203
0,982,3.9970405101776123
0,983,4.465016841888428
0,984,4.178465843200684
0,985,3.6790730953216553
0,986,3.05629825592041
0,987,3.6336686611175537
0,988,4.040616035461426
0,989,4.042727470397949
0,990,3.426361322402954
0,991,4.01273250579834
0,992,3.3438920974731445
0,993,4.011233806610107
0,994,3.8848984241485596
0,995,4.0653395652771
0,996,3.7904727458953857
0,997,3.6115527153015137
0,998,3.6341354846954346
0,999,3.781827211380005
0,1000,3.962158203125
0,1001,3.8287975788116455
0,1002,3.923377752304077
0,1003,3.689588785171509
0,1004,4.462549686431885
0,1005,4.126461505889893
0,1006,3.794754981994629
0,1007,3.8503637313842773
0,1008,4.052321434020996
0,1009,4.010376930236816
0,1010,3.936314344406128
0,1011,4.112787246704102
0,1012,3.84501051902771
0,1013,4.1602888107299805
0,1014,4.249526023864746
0,1015,3.9013495445251465
0,1016,3.873013973236084
0,1017,3.6431288719177246
0,1018,3.721961498260498
0,1019,3.646404266357422
0,1020,3.456376314163208
0,1021,4.1938042640686035
0,1022,4.11348295211792
0,1023,4.075998306274414
0,1024,4.10335636138916
0,1025,4.460094451904297
0,1026,3.963097095489502
0,1027,3.81864857673645
0,1028,3.780949592590332
0,1029,3.499016761779785
0,1030,3.961743116378784
0,1031,4.177836894989014
0,1032,4.160989284515381
0,1033,3.9654383659362793
0,1034,4.128412246704102
0,1035,4.001145362854004
0,1036,3.9407503604888916
0,1037,4.034759998321533
0,1038,3.904179573059082
0,1039,4.263002872467041
0,1040,3.611478567123413
0,1041,3.6971704959869385
0,1042,3.896334171295166
0,1043,3.654926061630249
0,1044,3.443787097930908
0,1045,3.8812978267669678
0,1046,3.918759346008301
0,1047,4.423000812530518
0,1048,4.020167350769043
0,1049,4.367823600769043
0,1050,3.9895293712615967
0,1051,3.563944101333618
0,1052,3.9340767860412598
0,1053,3.8686747550964355
0,1054,3.6674206256866455
0,1055,3.6971561908721924
0,1056,3.7047290802001953
0,1057,3.74219012260437
0,1058,3.5692691802978516
0,1059,3.9491610527038574
0,1060,3.9932873249053955
0,1061,3.8476386070251465
0,1062,3.530628204345703
0,1063,3.9752793312072754
0,1064,3.7875142097473145
0,1065,4.089573860168457
0,1066,3.6369071006774902
0,1067,3.2068426609039307
0,1068,3.932373046875
0,1069,4.148088455200195
0,1070,3.793504476547241
0,1071,4.157492160797119
0,1072,3.882174491882324
0,1073,3.54770565032959
0,1074,3.424100160598755
0,1075,3.782888889312744
0,1076,3.9976465702056885
0,1077,4.0644097328186035
0,1078,4.437660217285156
0,1079,3.9318771362304688
0,1080,4.281260967254639
0,1081,3.7323427200317383
0,1082,4.1649250984191895
0,1083,3.7301998138427734
0,1084,4.241144180297852
0,1085,3.75744891166687
0,1086,3.8925607204437256
0,1087,3.9689743518829346
0,1088,3.914482831954956
0,1089,3.700477123260498
0,1090,3.9048733711242676
0,1091,3.911494255065918
0,1092,3.8703067302703857
0,1093,3.893040180206299
0,1094,4.030325412750244
0,1095,4.159249782562256
0,1096,4.001989841461182
0,1097,3.8846585750579834
0,1098,3.672004222869873
0,1099,3.585899591445923
0,1100,3.906144857406616
0,1101,3.851613998413086
0,1102,4.2238450050354
0,1103,3.7235934734344482
0,1104,3.824190378189087
0,1105,3.355660915374756
0,1106,3.5616109371185303
0,1107,3.742708444595337
0,1108,3.8881988525390625
0,1109,3.653123617172241
0,1110,3.7555549144744873
0,1111,4.105669021606445
0,1112,3.6683101654052734
0,1113,3.7417666912078857
0,1114,3.7644238471984863
0,1115,3.9537720680236816
0,1116,3.5505642890930176
0,1117,3.4958338737487793
0,1118,3.6843810081481934
0,1119,3.6903889179229736
0,1120,3.3777389526367188
0,1121,3.575261354446411
0,1122,4.089337348937988
0,1123,4.139421463012695
0,1124,3.7768425941467285
0,1125,4.284639358520508
0,1126,3.803873300552368
0,1127,3.777726173400879
0,1128,3.693718671798706
0,1129,3.6867740154266357
0,1130,3.515960693359375
0,1131,3.707521677017212
0,1132,3.370684862136841
0,1133,3.420135259628296
0,1134,3.88797926902771
0,1135,3.6024482250213623
0,1136,4.047451496124268
0,1137,3.8035364151000977
0,1138,3.861865520477295
0,1139,3.2162060737609863
0,1140,4.1447553634643555
0,1141,3.830190658569336
0,1142,3.6567001342773438
0,1143,3.3799192905426025
0,1144,3.639983892440796
0,1145,3.452148675918579
0,1146,4.3914666175842285
0,1147,3.998241662979126
0,1148,3.6786396503448486
0,1149,3.8940422534942627
0,1150,3.5910277366638184
0,1151,3.3216500282287598
0,1152,3.527353048324585
0,1153,3.8234896659851074
0,1154,3.7456772327423096
0,1155,4.194530010223389
0,1156,3.688725233078003
0,1157,4.435913562774658
0,1158,4.180975437164307
0,1159,3.9927024841308594
0,1160,3.9561972618103027
0,1161,3.5991485118865967
0,1162,3.8267123699188232
0,1163,3.5056352615356445
0,1164,4.1791839599609375
0,1165,3.9817378520965576
0,1166,4.032257080078125
0,1167,3.7730860710144043
0,1168,4.074822902679443
0,1169,3.2717432975769043
0,1170,3.6792540550231934
0,1171,3.884842872619629
0,1172,4.192038536071777
0,1173,4.337617874145508
0,1174,4.385639190673828
0,1175,4.188666820526123
0,1176,3.907036542892456
0,1177,4.650309085845947
0,1178,4.287199020385742
0,1179,4.077725410461426
0,1180,3.897529125213623
0,1181,3.627030611038208
0,1182,3.322798490524292
0,1183,3.8570475578308105
0,1184,3.5043978691101074
0,1185,3.953918695449829
0,1186,3.7537026405334473
0,1187,3.939000368118286
0,1188,3.988981008529663
0,1189,3.7683613300323486
0,1190,3.6076927185058594
0,1191,3.9644603729248047
0,1192,3.8108701705932617
0,1193,3.794424057006836
0,1194,3.668142557144165
0,1195,4.264674186706543
0,1196,3.894953489303589
0,1197,3.4603683948516846
0,1198,3.8609092235565186
0,1199,3.5230712890625
0,1200,3.689525604248047
0,1201,3.467700958251953
0,1202,3.439652442932129
0,1203,3.7038931846618652
0,1204,4.340058326721191
0,1205,4.07464075088501
0,1206,3.5259597301483154
0,1207,3.6283247470855713
0,1208,3.892925262451172
0,1209,4.015432834625244
0,1210,3.6154608726501465
0,1211,3.2516050338745117
0,1212,3.3180408477783203
0,1213,3.5839006900787354
0,1214,3.2446184158325195
0,1215,4.093334197998047
0,1216,3.8957464694976807
0,1217,3.2687487602233887
0,1218,4.138701438903809
0,1219,3.7391276359558105
0,1220,4.093863487243652
0,1221,3.6250810623168945
0,1222,3.6236066818237305
0,1223,3.8529891967773438
0,1224,4.062119007110596
0,1225,3.896150588989258
0,1226,4.1199846267700195
0,1227,3.5980513095855713
0,1228,3.3090872764587402
0,1229,3.4548513889312744
0,1230,3.4520089626312256
0,1231,4.034011363983154
0,1232,3.975958824157715
0,1233,3.926872491836548
0,1234,3.8716237545013428
0,1235,3.884530782699585
0,1236,3.764251708984375
0,1237,3.67073392868042
0,1238,4.146182060241699
0,1239,3.836412191390991
0,1240,3.8380112648010254
0,1241,4.02105712890625
0,1242,3.7088425159454346
0,1243,3.8679323196411133
0,1244,3.8259291648864746
0,1245,3.886082887649536
0,1246,3.377572536468506
0,1247,3.8291447162628174
0,1248,3.8731231689453125
0,1249,3.84523606300354
0,1250,3.8573267459869385
0,1251,3.5266878604888916
0,1252,3.5159614086151123
0,1253,3.598393678665161
0,1254,3.522080183029175
0,1255,3.9456114768981934
0,1256,3.5577898025512695
0,1257,3.8612005710601807
0,1258,3.802081823348999
0,1259,3.839503288269043
0,1260,3.775991916656494
0,1261,4.0759148597717285
0,1262,4.146585941314697
0,1263,3.7035834789276123
0,1264,3.6506807804107666
0,1265,3.6682426929473877
0,1266,3.699390411376953
0,1267,3.634521484375
0,1268,3.8374783992767334
0,1269,3.978811740875244
0,1270,3.751641035079956
0,1271,3.5862321853637695
0,1272,3.1194798946380615
0,1273,3.52337908744812
0,1274,3.32824969291687
0,1275,3.617168426513672
0,1276,3.5719683170318604
0,1277,4.168396949768066
0,1278,3.7185885906219482
0,1279,3.9495222568511963
0,1280,3.835522413253784
0,1281,4.2116498947143555
0,1282,3.5970818996429443
0,1283,3.5790767669677734
0,1284,3.663130283355713
0,1285,3.859032392501831
0,1286,3.9801204204559326
0,1287,3.790494680404663
0,1288,4.489190101623535
0,1289,3.774972438812256
0,1290,3.832246780395508
0,1291,3.3516273498535156
0,1292,4.084925174713135
0,1293,3.7893779277801514
0,1294,3.84863543510437
0,1295,3.713388204574585
0,1296,3.6927802562713623
0,1297,3.6705923080444336
0,1298,3.151536464691162
0,1299,3.341115713119507
0,1300,3.4419496059417725
0,1301,3.8162930011749268
0,1302,3.6379153728485107
0,1303,3.451490640640259
0,1304,3.360175371170044
0,1305,3.432039976119995
0,1306,4.198502540588379
0,1307,3.665174722671509
0,1308,3.901778221130371
0,1309,3.8787713050842285
0,1310,4.011228561401367
0,1311,4.1279616355896
0,1312,3.982405662536621
0,1313,4.125254154205322
0,1314,3.8544228076934814
0,1315,3.595907211303711
0,1316,3.5719339847564697
0,1317,3.9011669158935547
0,1318,3.7061471939086914
0,1319,3.9634456634521484
0,1320,4.117683410644531
0,1321,3.7357559204101562
0,1322,3.7780041694641113
0,1323,3.698683023452759
0,1324,3.9854938983917236
0,1325,3.799051284790039
0,1326,4.376944065093994
0,1327,3.873708486557007
0,1328,4.1228437423706055
0,1329,3.5193662643432617
0,1330,3.6582062244415283
0,1331,3.9389965534210205
0,1332,3.409266471862793
0,1333,3.6780943870544434
0,1334,4.041844844818115
0,1335,3.7603819370269775
0,1336,3.8036558628082275
0,1337,3.8480582237243652
0,1338,3.7913599014282227
0,1339,3.963421106338501
0,1340,3.7093513011932373
0,1341,3.4835121631622314
0,1342,3.839815616607666
0,1343,3.909506320953369
0,1344,3.7617406845092773
0,1345,3.6388185024261475
0,1346,3.771902322769165
0,1347,3.853137969970703
0,1348,4.010495185852051
0,1349,3.668410062789917
0,1350,3.7263681888580322
0,1351,3.7562334537506104
0,1352,3.4117701053619385
0,1353,3.4024901390075684
0,1354,3.421621084213257
0,1355,3.8276596069335938
0,1356,3.2286434173583984
0,1357,3.7888009548187256
0,1358,4.041197299957275
0,1359,3.6602983474731445
0,1360,3.7120838165283203
0,1361,3.9582860469818115
0,1362,3.3675777912139893
0,1363,3.904815673828125
0,1364,3.4599010944366455
0,1365,3.458669424057007
0,1366,3.601224184036255
0,1367,3.804743528366089
0,1368,4.059690475463867
0,1369,3.6979708671569824
0,1370,3.4863946437835693
0,1371,3.4375224113464355
0,1372,3.373318910598755
0,1373,3.2308132648468018
0,1374,2.7930331230163574
0,1375,3.1116154193878174
0,1376,3.2637906074523926
0,1377,3.0109992027282715
0,1378,2.8698506355285645
0,1379,2.8026516437530518
0,1380,2.7359538078308105
0,1381,3.277832269668579
0,1382,4.022823810577393
0,1383,3.6426336765289307
0,1384,3.7433784008026123
0,1385,3.4679605960845947
0,1386,3.922356367111206
0,1387,3.157515525817871
0,1388,4.035518169403076
0,1389,3.856337785720825
0,1390,3.774446964263916
0,1391,3.976840019226074
0,1392,4.002126216888428
0,1393,3.8108298778533936
0,1394,4.091610431671143
0,1395,3.4231863021850586
0,1396,3.9205191135406494
0,1397,3.914679765701294
0,1398,3.5109951496124268
0,1399,3.966433525085449
0,1400,3.8976497650146484
0,1401,3.9998133182525635
0,1402,3.4138593673706055
0,1403,3.696777820587158
0,1404,3.8250913619995117
0,1405,3.7784719467163086
0,1406,3.993438482284546
0,1407,3.932957172393799
0,1408,3.4473257064819336
0,1409,3.52026104927063
0,1410,3.2657196521759033
0,1411,3.673896074295044
0,1412,3.2637710571289062
0,1413,3.5961647033691406
0,1414,3.4984171390533447
0,1415,3.920156478881836
0,1416,3.579329490661621
0,1417,4.112903118133545
0,1418,3.9053831100463867
0,1419,4.021852016448975
0,1420,3.8153128623962402
0,1421,3.505058765411377
0,1422,3.4955368041992188
0,1423,3.6460137367248535
0,1424,4.039097309112549
0,1425,3.8050942420959473
0,1426,4.251204967498779
0,1427,3.8808131217956543
0,1428,3.9630143642425537
0,1429,3.8104398250579834
0,1430,4.154020309448242
0,1431,4.016051292419434
0,1432,3.650909185409546
0,1433,3.6827409267425537
0,1434,3.1368186473846436
0,1435,3.8739712238311768
0,1436,3.492173194885254
0,1437,3.863556385040283
0,1438,3.711402177810669
0,1439,3.755040168762207
0,1440,3.3961029052734375
0,1441,3.701164484024048
0,1442,4.024331092834473
0,1443,3.8262572288513184
0,1444,3.739372730255127
0,1445,3.348668336868286
0,1446,3.6992831230163574
0,1447,3.8825180530548096
0,1448,3.509171962738037
0,1449,3.4746038913726807
0,1450,3.9954843521118164
0,1451,3.9207208156585693
0,1452,3.3527660369873047
0,1453,3.0011181831359863
0,1454,3.731675386428833
0,1455,3.8000171184539795
0,1456,3.490629196166992
0,1457,3.694971799850464
0,1458,3.613758087158203
0,1459,3.195103645324707
0,1460,3.738363027572632
0,1461,3.8648054599761963
0,1462,4.184452056884766
0,1463,3.7345592975616455
0,1464,3.7884132862091064
0,1465,3.6199333667755127
0,1466,4.042575836181641
0,1467,4.227323532104492
0,1468,3.901426076889038
0,1469,3.9175920486450195
0,1470,3.841564416885376
0,1471,3.5054781436920166
0,1472,3.982755661010742
0,1473,4.009324550628662
0,1474,3.4579241275787354
0,1475,3.912501096725464
0,1476,3.982766628265381
0,1477,4.003914833068848
0,1478,3.9641072750091553
0,1479,3.7804951667785645
0,1480,3.7810797691345215
0,1481,4.119536876678467
0,1482,4.156734466552734
0,1483,3.592445135116577
0,1484,3.6492791175842285
0,1485,3.6973962783813477
0,1486,3.936704397201538
0,1487,3.912971019744873
0,1488,3.9507691860198975
0,1489,3.6723361015319824
0,1490,3.581037759780884
0,1491,3.548492193222046
0,1492,4.198213577270508
0,1493,3.844245195388794
0,1494,3.9573535919189453
0,1495,3.7508628368377686
0,1496,4.012274265289307
0,1497,3.7023708820343018
0,1498,3.6001150608062744
0,1499,3.6954784393310547
0,1500,3.6506502628326416
0,1501,3.71166729927063
0,1502,3.4132392406463623
0,1503,3.471727132797241
0,1504,3.6038575172424316
0,1505,3.8004603385925293
0,1506,3.557647705078125
0,1507,4.063840389251709
0,1508,3.8902781009674072
0,1509,3.927130699157715
0,1510,3.609403610229492
0,1511,3.3545737266540527
0,1512,3.9607903957366943
0,1513,3.818711519241333
0,1514,3.772209644317627
0,1515,3.9971418380737305
0,1516,4.205045700073242
0,1517,3.4575607776641846
0,1518,3.3849668502807617
0,1519,3.6363003253936768
0,1520,3.8248212337493896
0,1521,3.4964795112609863
0,1522,3.2775139808654785
0,1523,3.5818235874176025
0,1524,3.781838893890381
0,1525,3.4595839977264404
0,1526,3.7755844593048096
0,1527,3.6095175743103027
0,1528,3.102983236312866
0,1529,2.9690968990325928
0,1530,3.386448383331299
0,1531,3.3245327472686768
0,1532,3.6122798919677734
0,1533,3.4796159267425537
0,1534,3.652524948120117
0,1535,3.5708212852478027
0,1536,3.6181066036224365
0,1537,2.8518776893615723
0,1538,3.8333957195281982
0,1539,3.729571580886841
0,1540,3.91062593460083
0,1541,3.3325114250183105
0,1542,4.1552042961120605
0,1543,4.014535427093506
0,1544,3.642810106277466
0,1545,3.4790263175964355
0,1546,3.486231803894043
0,1547,3.7124507427215576
0,1548,3.806548595428467
0,1549,3.99690842628479
0,1550,3.3968420028686523
0,1551,3.8649163246154785
0,1552,3.95978045463562
0,1553,3.864360809326172
0,1554,3.713937759399414
0,1555,3.896379232406616
0,1556,3.860700845718384
0,1557,4.508191108703613
0,1558,3.903223991394043
0,1559,3.5032870769500732
0,1560,3.6323659420013428
0,1561,3.5171825885772705
0,1562,3.710395336151123
0,1563,3.584177017211914
0,1564,3.8970654010772705
0,1565,3.316725254058838
0,1566,3.7315502166748047
0,1567,3.9950308799743652
0,1568,3.6093807220458984
0,1569,3.906114339828491
0,1570,3.55313777923584
0,1571,3.7228827476501465
0,1572,3.279414415359497
0,1573,3.763418674468994
0,1574,3.4437286853790283
0,1575,3.8750460147857666
0,1576,2.7308621406555176
0,1577,3.0400426387786865
0,1578,3.660154104232788
0,1579,3.424283266067505
0,1580,3.7460029125213623
0,1581,3.587759494781494
0,1582,3.8277065753936768
0,1583,3.587451457977295
0,1584,3.858302116394043
0,1585,3.7027599811553955
0,1586,3.420116662979126
0,1587,3.523684501647949
0,1588,3.347395896911621
0,1589,3.2640888690948486
0,1590,3.114469528198242
0,1591,3.600628614425659
0,1592,4.0489044189453125
0,1593,4.056288719177246
0,1594,3.872135877609253
0,1595,4.322854995727539
0,1596,4.101130962371826
0,1597,3.9182729721069336
0,1598,3.2799763679504395
0,1599,3.8638734817504883
0,1600,3.3758785724639893
0,1601,3.93487811088562
0,1602,3.8483939170837402
0,1603,3.2233164310455322
0,1604,3.870302438735962
0,1605,3.3353233337402344
0,1606,4.021692276000977
0,1607,3.733933687210083
0,1608,3.0892863273620605
0,1609,3.3377835750579834
0,1610,3.4815587997436523
0,1611,3.7434821128845215
0,1612,3.459886312484741
0,1613,3.566195249557495
0,1614,3.3095626831054688
0,1615,3.463387966156006
0,1616,3.4142205715179443
0,1617,3.9108517169952393
0,1618,3.777388095855713
0,1619,3.9038803577423096
0,1620,3.7379331588745117
0,1621,3.6879043579101562
0,1622,4.195096492767334
0,1623,4.001190662384033
0,1624,4.023278713226318
0,1625,3.5723378658294678
0,1626,3.952831745147705
0,1627,3.914600372314453
0,1628,3.553572177886963
0,1629,3.801579713821411
0,1630,3.4366824626922607
0,1631,3.662655830383301
0,1632,3.894782781600952
0,1633,3.66453218460083
0,1634,3.769418478012085
0,1635,3.7638254165649414
0,1636,3.945568799972534
0,1637,3.4642727375030518
0,1638,3.7930355072021484
0,1639,3.8722620010375977
0,1640,3.702019214630127
0,1641,3.398784637451172
0,1642,3.7024383544921875
0,1643,3.6177313327789307
0,1644,3.658417224884033
0,1645,3.481123924255371
0,1646,3.3790817260742188
0,1647,3.4013776779174805
0,1648,3.5231471061706543
0,1649,3.402696132659912
0,1650,3.339240074157715
0,1651,3.5282106399536133
0,1652,3.20863938331604
0,1653,3.7297744750976562
0,1654,3.8547675609588623
0,1655,3.7966725826263428
0,1656,3.7241697311401367
0,1657,3.555305004119873
0,1658,3.457761764526367
0,1659,3.7597150802612305
0,1660,3.7207581996917725
0,1661,3.6454811096191406
0,1662,3.2673418521881104
0,1663,3.7046079635620117
0,1664,3.5897281169891357
0,1665,3.8531596660614014
0,1666,4.008756637573242
0,1667,3.5590980052948
0,1668,3.6387064456939697
0,1669,3.3307456970214844
0,1670,3.5236916542053223
0,1671,3.5913822650909424
0,1672,3.526448965072632
0,1673,3.96962571144104
0,1674,3.4280848503112793
0,1675,3.6014912128448486
0,1676,3.488496780395508
0,1677,3.258047103881836
0,1678,3.08339262008667
0,1679,3.2955284118652344
0,1680,3.368330717086792
0,1681,3.5279381275177
0,1682,3.093244791030884
0,1683,3.6357524394989014
0,1684,3.512791156768799
0,1685,3.527555465698242
0,1686,3.4845688343048096
0,1687,3.5977509021759033
0,1688,3.9316048622131348
0,1689,3.9162604808807373
0,1690,3.321554183959961
0,1691,3.559541940689087
0,1692,3.0430569648742676
0,1693,2.891920566558838
0,1694,3.6022605895996094
0,1695,3.480937957763672
0,1696,3.241061210632324
0,1697,3.606475830078125
0,1698,4.171412944793701
0,1699,3.970255136489868
0,1700,3.8703453540802
0,1701,3.557185173034668
0,1702,3.93910551071167
0,1703,3.887296199798584
0,1704,3.8662843704223633
0,1705,4.018059253692627
0,1706,4.1987385749816895
0,1707,3.653576135635376
0,1708,3.6917967796325684
0,1709,3.5361475944519043
0,1710,3.8329858779907227
0,1711,4.167953014373779
0,1712,3.618891477584839
0,1713,3.690905809402466
0,1714,3.9789786338806152
0,1715,3.4322664737701416
0,1716,3.6199376583099365
0,1717,3.239818811416626
0,1718,3.27060604095459
0,1719,3.912686586380005
0,1720,3.6456518173217773
0,1721,3.6381845474243164
0,1722,3.5480587482452393
0,1723,3.6297717094421387
0,1724,3.547018527984619
0,1725,3.409485101699829
0,1726,3.6100239753723145
0,1727,3.384061813354492
0,1728,3.5644567012786865
0,1729,3.5412838459014893
0,1730,3.5915207862854004
0,1731,3.3756816387176514
0,1732,3.6730895042419434
0,1733,4.008160591125488
0,1734,3.6217269897460938
0,1735,3.21604585647583
0,1736,3.90822172164917
0,1737,3.380215883255005
0,1738,3.370084762573242
0,1739,3.0723981857299805
0,1740,3.064011573791504
0,1741,3.8360443115234375
0,1742,4.043194770812988
0,1743,3.5184314250946045
0,1744,3.8935153484344482
0,1745,3.1773407459259033
0,1746,3.4378230571746826
0,1747,3.599896192550659
0,1748,3.4957261085510254
0,1749,3.372114658355713
0,1750,3.125406265258789
0,1751,3.7047078609466553
0,1752,3.849226713180542
0,1753,3.6002261638641357
0,1754,4.131384372711182
0,1755,3.5830366611480713
0,1756,3.4880638122558594
0,1757,3.6270675659179688
0,1758,3.423018217086792
0,1759,2.6665380001068115
0,1760,3.0842416286468506
0,1761,3.3141183853149414
0,1762,3.2350149154663086
0,1763,3.0926103591918945
0,1764,3.6321654319763184
0,1765,3.472438097000122
0,1766,3.310236692428589
0,1767,3.3313286304473877
0,1768,3.3243701457977295
0,1769,2.858701229095459
0,1770,3.561793565750122
0,1771,3.634235143661499
0,1772,3.5390148162841797
0,1773,4.049589157104492
0,1774,3.7371504306793213
0,1775,3.708103656768799
0,1776,3.8470253944396973
0,1777,3.2986629009246826
0,1778,3.5811758041381836
0,1779,3.494417905807495
0,1780,3.9347753524780273
0,1781,3.6002280712127686
0,1782,3.6219730377197266
0,1783,3.446640729904175
0,1784,3.3440299034118652
0,1785,3.5244574546813965
0,1786,3.6290342807769775
0,1787,3.6939010620117188
0,1788,3.3166544437408447
0,1789,3.451782464981079
0,1790,3.7215590476989746
0,1791,3.959049940109253
0,1792,3.822190046310425
0,1793,3.4608652591705322
0,1794,3.4188034534454346
0,1795,3.7167232036590576
0,1796,4.020816326141357
0,1797,3.740703821182251
0,1798,3.452259063720703
0,1799,3.590479850769043
0,1800,3.9082906246185303
0,1801,3.8666298389434814
0,1802,3.359010696411133
0,1803,3.5747299194335938
0,1804,3.6055896282196045
0,1805,3.5946969985961914
0,1806,3.6730518341064453
0,1807,3.1049389839172363
0,1808,3.3325772285461426
0,1809,3.5292935371398926
0,1810,3.702650308609009
0,1811,3.389753580093384
0,1812,3.6911702156066895
0,1813,3.355348825454712
0,1814,3.5349771976470947
0,1815,3.3038933277130127
0,1816,3.9076414108276367
0,1817,4.124330997467041
0,1818,3.3278231620788574
0,1819,3.812457799911499
0,1820,3.7562410831451416
0,1821,4.0214362144470215
0,1822,3.5769262313842773
0,1823,3.5531749725341797
0,1824,3.5145440101623535
0,1825,3.794191598892212
0,1826,3.706045389175415
0,1827,3.7035536766052246
0,1828,3.4859914779663086
0,1829,3.5312445163726807
0,1830,3.7533373832702637
0,1831,3.6124744415283203
0,1832,3.671849489212036
0,1833,3.4746997356414795
0,1834,3.383305311203003
0,1835,3.2475569248199463
0,1836,3.307920455932617
0,1837,3.3549628257751465
0,1838,3.2278475761413574
0,1839,3.5795319080352783
0,1840,3.272806167602539
0,1841,3.6461141109466553
0,1842,3.107715368270874
0,1843,3.3064470291137695
0,1844,3.154033899307251
0,1845,3.523092746734619
0,1846,3.9111287593841553
0,1847,3.6243791580200195
0,1848,3.8224856853485107
0,1849,3.998358964920044
0,1850,3.7142603397369385
0,1851,3.914630651473999
0,1852,3.9208505153656006
0,1853,3.449472665786743
0,1854,3.41698956489563
0,1855,3.8089382648468018
0,1856,3.4697816371917725
0,1857,3.71403169631958
0,1858,3.3210084438323975
0,1859,3.4319136142730713
0,1860,3.76108717918396
0,1861,3.6227059364318848
0,1862,3.8668549060821533
0,1863,4.1258544921875
0,1864,3.716975688934326
0,1865,3.4293406009674072
0,1866,3.352182626724243
0,1867,3.5233683586120605
0,1868,3.478060007095337
0,1869,3.3151748180389404
0,1870,3.658478021621704
0,1871,3.473698139190674
0,1872,3.7059199810028076
0,1873,3.659547805786133
0,1874,3.353928565979004
0,1875,3.6258656978607178
0,1876,3.347203254699707
0,1877,3.490917682647705
0,1878,3.126641035079956
0,1879,3.15267276763916
0,1880,3.4663755893707275
0,1881,3.3763771057128906
0,1882,3.5273330211639404
0,1883,3.5578322410583496
0,1884,3.376244068145752
0,1885,3.3506529331207275
0,1886,3.233826160430908
0,1887,3.306055784225464
0,1888,3.1389031410217285
0,1889,3.2887723445892334
0,1890,3.4844558238983154
0,1891,3.635450839996338
0,1892,3.4229800701141357
0,1893,3.5157806873321533
0,1894,3.8292298316955566
0,1895,3.577378273010254
0,1896,3.8993892669677734
0,1897,3.4463329315185547
0,1898,3.520185708999634
0,1899,3.265717029571533
0,1900,3.44576358795166
0,1901,3.7675695419311523
0,1902,3.0907602310180664
0,1903,3.36151385307312
0,1904,3.471541166305542
0,1905,2.9834821224212646
0,1906,3.4066596031188965
0,1907,3.004800319671631
0,1908,3.1886801719665527
0,1909,3.208303213119507
0,1910,3.2626523971557617
0,1911,2.898231029510498
0,1912,3.5491740703582764
0,1913,3.276531457901001
0,1914,3.1364905834198
0,1915,2.717292308807373
0,1916,3.1782073974609375
0,1917,3.6293187141418457
0,1918,3.0928099155426025
0,1919,3.3103978633880615
0,1920,3.3654229640960693
0,1921,3.1356112957000732
0,1922,3.3910775184631348
0,1923,2.962932586669922
0,1924,3.3498008251190186
0,1925,3.4578094482421875
0,1926,3.482292413711548
0,1927,3.8620073795318604
0,1928,4.565619468688965
0,1929,3.5056538581848145
0,1930,3.7551817893981934
0,1931,3.5341639518737793
0,1932,4.081898212432861
0,1933,3.5384976863861084
0,1934,3.8571386337280273
0,1935,3.2998063564300537
0,1936,3.4456589221954346
0,1937,3.41947865486145
0,1938,3.3769216537475586
0,1939,3.6451175212860107
0,1940,4.051992416381836
0,1941,3.7033891677856445
0,1942,3.1790478229522705
0,1943,3.3401241302490234
0,1944,3.214733362197876
0,1945,3.572373628616333
0,1946,3.1255879402160645
0,1947,3.3306567668914795
0,1948,3.146951675415039
0,1949,3.5102908611297607
0,1950,3.368640422821045
0,1951,3.407254695892334
0,1952,3.517094373703003
0,1953,3.9067540168762207
0,1954,3.5722196102142334
0,1955,3.587071180343628
0,1956,3.7097342014312744
0,1957,3.758251667022705
0,1958,3.6001436710357666
0,1959,3.3774056434631348
0,1960,3.5753519535064697
0,1961,3.4646878242492676
0,1962,3.3124403953552246
0,1963,3.392659902572632
0,1964,3.8641583919525146
0,1965,3.8675427436828613
0,1966,3.475917100906372
0,1967,3.5292017459869385
0,1968,3.445331573486328
0,1969,3.3391079902648926
0,1970,3.3698673248291016
0,1971,3.219658374786377
0,1972,3.0965182781219482
0,1973,3.241934299468994
0,1974,3.5384440422058105
0,1975,3.525437831878662
0,1976,3.926419258117676
0,1977,3.7461800575256348
0,1978,3.588498115539551
0,1979,3.585038423538208
0,1980,4.066447734832764
0,1981,3.6232709884643555
0,1982,3.3295350074768066
0,1983,3.5236268043518066
0,1984,3.6717538833618164
0,1985,3.648219108581543
0,1986,3.2558255195617676
0,1987,2.9137418270111084
0,1988,3.736997127532959
0,1989,3.1395833492279053
0,1990,2.5940301418304443
0,1991,3.6955878734588623
0,1992,3.823499917984009
0,1993,3.5745365619659424
0,1994,3.450068473815918
0,1995,2.8910624980926514
0,1996,3.6206865310668945
0,1997,3.864457130432129
0,1998,3.5896942615509033
0,1999,3.709559440612793
0,2000,3.647860288619995
0,2001,3.4220573902130127
0,2002,3.2123289108276367
0,2003,3.653855800628662
0,2004,3.358832836151123
0,2005,3.251924753189087
0,2006,3.9262657165527344
0,2007,3.769335985183716
0,2008,3.8427107334136963
0,2009,3.4481916427612305
0,2010,3.5950419902801514
0,2011,3.6825809478759766
0,2012,3.648620128631592
0,2013,3.5912272930145264
0,2014,3.5848422050476074
0,2015,3.500594139099121
0,2016,3.44232439994812
0,2017,3.5078165531158447
0,2018,3.3629140853881836
0,2019,3.228606939315796
0,2020,2.813136339187622
0,2021,3.313812494277954
0,2022,3.79034423828125
0,2023,3.702120542526245
0,2024,3.584920883178711
0,2025,3.187377691268921
0,2026,3.357509136199951
0,2027,3.3228816986083984
0,2028,3.269988775253296
0,2029,3.540200710296631
0,2030,3.7041666507720947
0,2031,3.6579747200012207
0,2032,3.4060134887695312
0,2033,3.6106345653533936
0,2034,4.278034687042236
0,2035,3.7896625995635986
0,2036,3.703859806060791
0,2037,3.5050697326660156
0,2038,3.3827016353607178
0,2039,3.347226619720459
0,2040,3.7065012454986572
0,2041,3.764416456222534
0,2042,3.6119132041931152
0,2043,3.4641740322113037
0,2044,3.8930583000183105
0,2045,3.3832435607910156
0,2046,3.7763257026672363
0,2047,3.3009185791015625
0,2048,3.9136853218078613
0,2049,3.5135555267333984
0,2050,3.6723227500915527
0,2051,3.3893837928771973
0,2052,3.4703164100646973
0,2053,3.681903123855591
0,2054,3.263557195663452
0,2055,3.218791961669922
0,2056,3.5439953804016113
0,2057,3.552717447280884
0,2058,3.0887889862060547
0,2059,3.245169162750244
0,2060,3.393327236175537
0,2061,3.837995767593384
0,2062,3.18976092338562
0,2063,3.367966413497925
0,2064,3.6056220531463623
0,2065,3.287883996963501
0,2066,3.2402422428131104
0,2067,3.310534715652466
0,2068,3.39225435256958
0,2069,3.0040688514709473
0,2070,2.778911590576172
0,2071,3.2482879161834717
0,2072,3.551527738571167
0,2073,3.3484349250793457
0,2074,3.6598455905914307
0,2075,3.847632884979248
0,2076,3.7861838340759277
0,2077,4.054330825805664
0,2078,3.6634788513183594
0,2079,3.2888998985290527
0,2080,3.585606813430786
0,2081,3.553701639175415
0,2082,3.402941942214966
0,2083,3.0757710933685303
0,2084,3.6331534385681152
0,2085,3.3827223777770996
0,2086,3.648120641708374
0,2087,3.640446901321411
0,2088,3.609487771987915
0,2089,3.7655012607574463
0,2090,3.9046967029571533
0,2091,4.012942314147949
0,2092,3.5665767192840576
0,2093,3.615546941757202
0,2094,3.4631876945495605
0,2095,3.526825428009033
0,2096,3.3645007610321045
0,2097,3.3265397548675537
0,2098,3.228961706161499
0,2099,3.638831377029419
0,2100,3.4894397258758545
0,2101,3.5386056900024414
0,2102,3.7405147552490234
0,2103,3.9788169860839844
0,2104,3.270481824874878
0,2105,3.555083751678467
0,2106,3.177274465560913
0,2107,2.991600513458252
0,2108,3.2801806926727295
0,2109,3.5006887912750244
0,2110,3.3683338165283203
0,2111,3.521219253540039
0,2112,3.793941020965576
0,2113,3.1145360469818115
0,2114,3.503225088119507
0,2115,3.4361181259155273
0,2116,3.49043869972229
0,2117,3.546699285507202
0,2118,3.2907912731170654
0,2119,3.2491257190704346
0,2120,3.59368896484375
0,2121,3.7291226387023926
0,2122,3.8139264583587646
0,2123,3.561253786087036
0,2124,3.805968761444092
0,2125,3.4842236042022705
0,2126,4.054938793182373
0,2127,3.338698625564575
0,2128,3.2930476665496826
0,2129,3.5823380947113037
0,2130,3.6443042755126953
0,2131,3.9957363605499268
0,2132,3.3852405548095703
0,2133,3.5499625205993652
0,2134,3.3136229515075684
0,2135,3.653930902481079
0,2136,3.3059589862823486
0,2137,2.86381196975708
0,2138,3.4172849655151367
0,2139,3.612213134765625
0,2140,3.534423351287842
0,2141,3.508620262145996
0,2142,3.311274290084839
0,2143,3.2069485187530518
0,2144,3.2999112606048584
0,2145,3.1588006019592285
0,2146,3.25334095954895
0,2147,2.822946071624756
0,2148,3.4534411430358887
0,2149,3.7334706783294678
0,2150,3.135768413543701
0,2151,3.3142240047454834
0,2152,3.8984508514404297
0,2153,3.6025583744049072
0,2154,3.964387893676758
0,2155,3.37838077545166
0,2156,3.5656442642211914
0,2157,3.7241427898406982
0,2158,3.798396348953247
0,2159,3.8340606689453125
0,2160,3.6618521213531494
0,2161,3.6466267108917236
0,2162,3.512758255004883
0,2163,3.3880958557128906
0,2164,3.5485668182373047
0,2165,3.513507843017578
0,2166,3.5009255409240723
0,2167,3.66322660446167
0,2168,3.369572639465332
0,2169,3.4878416061401367
0,2170,3.4561965465545654
0,2171,3.6032724380493164
0,2172,3.6422550678253174
0,2173,3.539294958114624
0,2174,3.5548181533813477
0,2175,3.6591780185699463
0,2176,3.473335027694702
0,2177,3.795213460922241
0,2178,3.5832059383392334
0,2179,4.119244575500488
0,2180,3.5439367294311523
0,2181,3.9753692150115967
0,2182,3.4309327602386475
0,2183,3.6638920307159424
0,2184,3.765794038772583
0,2185,3.397071599960327
0,2186,3.1729373931884766
0,2187,3.327488422393799
0,2188,3.271787166595459
0,2189,3.6939408779144287
0,2190,3.5032799243927
0,2191,3.523521900177002
0,2192,3.7851123809814453
0,2193,2.8766043186187744
0,2194,3.033353090286255
0,2195,3.0730297565460205
0,2196,3.299839735031128
0,2197,3.5226101875305176
0,2198,3.290195941925049
0,2199,3.4422943592071533
0,2200,3.8704872131347656
0,2201,3.1370160579681396
0,2202,3.2913639545440674
0,2203,3.2743608951568604
0,2204,3.3350424766540527
0,2205,3.492288112640381
0,2206,3.7447941303253174
0,2207,3.8547403812408447
0,2208,3.5989184379577637
0,2209,3.489011526107788
0,2210,3.537158250808716
0,2211,2.8581631183624268
0,2212,3.9905612468719482
0,2213,3.262340784072876
0,2214,2.888170003890991
0,2215,2.9664177894592285
0,2216,3.9290072917938232
0,2217,2.9597599506378174
0,2218,3.289778232574463
0,2219,3.4809463024139404
0,2220,3.519563913345337
0,2221,3.7616045475006104
0,2222,3.624987840652466
0,2223,3.392266273498535
0,2224,3.019294500350952
0,2225,2.9849581718444824
0,2226,3.466963291168213
0,2227,3.1767311096191406
0,2228,3.289128065109253
0,2229,3.4730277061462402
0,2230,3.6017568111419678
0,2231,3.57948899269104
0,2232,3.834282636642456
0,2233,3.5917575359344482
0,2234,3.7716867923736572
0,2235,3.5249147415161133
0,2236,3.478987455368042
0,2237,3.621941566467285
0,2238,3.936286687850952
0,2239,4.238567352294922
0,2240,3.6034278869628906
0,2241,3.470353364944458
0,2242,3.3880441188812256
0,2243,3.4626126289367676
0,2244,3.3015778064727783
0,2245,3.6905810832977295
0,2246,3.9710350036621094
0,2247,3.9146106243133545
0,2248,3.941779136657715
0,2249,3.5627593994140625
0,2250,3.3642590045928955
0,2251,3.3034136295318604
0,2252,3.769306182861328
0,2253,2.978262424468994
0,2254,3.442295789718628
0,2255,3.507065534591675
0,2256,3.2488460540771484
0,2257,3.280017137527466
0,2258,3.9160687923431396
0,2259,3.571166515350342
0,2260,3.36570405960083
0,2261,3.7063913345336914
0,2262,3.3616583347320557
0,2263,2.858193874359131
0,2264,3.7103347778320312
0,2265,3.4306323528289795
0,2266,3.766637086868286
0,2267,3.474304437637329
0,2268,3.453612804412842
0,2269,3.509162425994873
0,2270,3.341486692428589
0,2271,3.4275014400482178
0,2272,3.861638307571411
0,2273,3.547764301300049
0,2274,2.9312989711761475
0,2275,2.9140448570251465
0,2276,3.112274646759033
0,2277,3.3048529624938965
0,2278,3.872647523880005
0,2279,3.627580404281616
0,2280,3.1369123458862305
0,2281,3.4142990112304688
0,2282,3.3496105670928955
0,2283,3.0201337337493896
0,2284,3.580601453781128
0,2285,3.1995513439178467
0,2286,3.3831875324249268
0,2287,3.0651583671569824
0,2288,3.1381995677948
0,2289,3.0992987155914307
0,2290,3.3802435398101807
0,2291,3.260849952697754
0,2292,3.1902341842651367
0,2293,3.0390541553497314
0,2294,3.292141914367676
0,2295,3.0298080444335938
0,2296,3.2314608097076416
0,2297,3.417135715484619
0,2298,3.437893867492676
0,2299,3.0535380840301514
0,2300,3.1210925579071045
0,2301,2.9968509674072266
0,2302,2.9684863090515137
0,2303,2.648961305618286
0,2304,3.790015935897827
0,2305,3.4752726554870605
0,2306,3.1637766361236572
0,2307,3.7895655632019043
0,2308,3.4215710163116455
0,2309,3.4517531394958496
0,2310,3.3187856674194336
0,2311,4.104841232299805
0,2312,3.5080008506774902
0,2313,3.561784267425537
0,2314,3.39342999458313
0,2315,3.3578882217407227
0,2316,3.6885886192321777
0,2317,3.263998508453369
0,2318,3.6317875385284424
0,2319,3.950209379196167
0,2320,3.653834581375122
0,2321,3.672766923904419
0,2322,3.3860585689544678
0,2323,3.1235973834991455
0,2324,3.4850831031799316
0,2325,3.1318130493164062
0,2326,3.439408540725708
0,2327,3.5300159454345703
0,2328,3.924072265625
0,2329,3.4779436588287354
0,2330,3.3737642765045166
0,2331,4.074629783630371
0,2332,3.2306630611419678
0,2333,3.257631778717041
0,2334,3.1639013290405273
0,2335,3.7312233448028564
0,2336,3.597926616668701
0,2337,3.2566938400268555
0,2338,2.9259841442108154
0,2339,3.053772449493408
0,2340,2.898967981338501
0,2341,3.5631091594696045
0,2342,3.621718406677246
0,2343,3.641275405883789
0,2344,3.473782777786255
0,2345,3.5751991271972656
0,2346,3.4760055541992188
0,2347,2.9292514324188232
0,2348,3.179940700531006
0,2349,3.1010422706604004
0,2350,3.3312015533447266
0,2351,3.289050340652466
0,2352,3.4982056617736816
0,2353,3.6270363330841064
0,2354,3.500631332397461
0,2355,3.7793660163879395
0,2356,3.8408260345458984
0,2357,3.2256133556365967
0,2358,3.488234758377075
0,2359,3.617321491241455
0,2360,3.691317319869995
0,2361,3.2937018871307373
0,2362,3.405168294906616
0,2363,2.7557590007781982
0,2364,3.449094533920288
0,2365,3.6176810264587402
0,2366,2.842074155807495
0,2367,2.632819652557373
0,2368,2.696681022644043
0,2369,3.3097658157348633
0,2370,3.803072690963745
0,2371,3.4594204425811768
0,2372,3.1375954151153564
0,2373,3.0463902950286865
0,2374,2.6043200492858887
0,2375,2.276780366897583
0,2376,3.470850944519043
0,2377,3.8055779933929443
0,2378,3.5354018211364746
0,2379,3.2690601348876953
0,2380,3.571704864501953
0,2381,3.4950551986694336
0,2382,3.8470888137817383
0,2383,3.045302629470825
0,2384,3.3374686241149902
0,2385,3.6493430137634277
0,2386,3.599107027053833
0,2387,3.8994014263153076
0,2388,3.4213924407958984
0,2389,3.648698091506958
0,2390,3.40942120552063
0,2391,3.4599995613098145
0,2392,3.654508590698242
0,2393,3.5825138092041016
0,2394,3.366767644882202
0,2395,3.4967143535614014
0,2396,3.4131829738616943
0,2397,3.2642953395843506
0,2398,3.7352492809295654
0,2399,3.66125750541687
0,2400,3.486422538757324
0,2401,3.3334109783172607
0,2402,3.021372079849243
0,2403,2.997793436050415
0,2404,3.067058801651001
0,2405,3.3318066596984863
0,2406,3.4572813510894775
0,2407,3.225889205932617
0,2408,3.4299864768981934
0,2409,3.518575429916382
0,2410,3.4118802547454834
0,2411,3.4488956928253174
0,2412,3.4238572120666504
0,2413,3.400435209274292
0,2414,3.2432656288146973
0,2415,3.6248106956481934
0,2416,3.670213460922241
0,2417,3.372271776199341
0,2418,3.376044750213623
0,2419,3.4799959659576416
0,2420,3.499375820159912
0,2421,3.9208757877349854
0,2422,3.3635640144348145
0,2423,3.605672836303711
0,2424,2.7943203449249268
0,2425,3.2633183002471924
0,2426,3.1965556144714355
0,2427,3.5025992393493652
0,2428,3.363381862640381
0,2429,3.676072597503662
0,2430,3.4630889892578125
0,2431,3.245248317718506
0,2432,3.2670516967773438
0,2433,3.3720223903656006
0,2434,3.328256607055664
0,2435,3.109341621398926
0,2436,3.1327245235443115
0,2437,3.1850459575653076
0,2438,3.3424062728881836
0,2439,3.5497512817382812
0,2440,2.8100645542144775
0,2441,3.2927544116973877
0,2442,3.446281671524048
0,2443,3.3132829666137695
0,2444,2.4776036739349365
0,2445,2.8665103912353516
0,2446,3.437856912612915
0,2447,3.5328683853149414
0,2448,2.952592372894287
0,2449,3.0703465938568115
0,2450,3.2774360179901123
0,2451,3.5714964866638184
0,2452,3.28649640083313
0,2453,2.933595657348633
0,2454,3.0694942474365234
0,2455,3.3859612941741943
0,2456,3.4533934593200684
0,2457,3.637667655944824
0,2458,3.9940478801727295
0,2459,3.506849527359009
0,2460,4.085464954376221
0,2461,3.775367498397827
0,2462,3.2762324810028076
0,2463,3.479193687438965
0,2464,3.7027928829193115
0,2465,3.584916114807129
0,2466,3.5853729248046875
0,2467,3.1710758209228516
0,2468,3.9183197021484375
0,2469,3.643411159515381
0,2470,3.4840240478515625
0,2471,3.49686861038208
0,2472,3.6488802433013916
0,2473,3.6655776500701904
0,2474,3.5792078971862793
0,2475,3.071606159210205
0,2476,3.3606224060058594
0,2477,3.33862042427063
0,2478,3.2507922649383545
0,2479,3.2970924377441406
0,2480,3.514455795288086
0,2481,3.3338940143585205
0,2482,3.290040969848633
0,2483,3.5640759468078613
0,2484,4.0145463943481445
0,2485,3.6951334476470947
0,2486,3.28009033203125
0,2487,3.639138698577881
0,2488,3.545793294906616
0,2489,3.414388418197632
0,2490,3.36285138130188
0,2491,3.407654047012329
0,2492,3.5099937915802
0,2493,3.725830554962158
0,2494,3.368950843811035
0,2495,3.3720383644104004
0,2496,3.3220508098602295
0,2497,3.3348021507263184
0,2498,3.251337766647339
0,2499,3.689404010772705
0,2500,3.269371509552002
0,2501,2.9729087352752686
0,2502,3.402172327041626
0,2503,3.229525327682495
0,2504,3.3844847679138184
0,2505,3.3692893981933594
0,2506,3.8953182697296143
0,2507,3.7411835193634033
0,2508,3.3687679767608643
0,2509,3.2092716693878174
0,2510,3.7115421295166016
0,2511,4.129438400268555
0,2512,2.9960789680480957
0,2513,3.1035516262054443
0,2514,3.3861265182495117
0,2515,3.6458754539489746
0,2516,3.5715250968933105
0,2517,3.1486656665802
0,2518,3.238731622695923
0,2519,3.4343080520629883
0,2520,3.7108678817749023
0,2521,3.113184928894043
0,2522,2.713988780975342
0,2523,3.664321184158325
0,2524,3.391310214996338
0,2525,3.4313859939575195
0,2526,3.5049588680267334
0,2527,3.2033095359802246
0,2528,3.1612277030944824
0,2529,3.083577871322632
0,2530,3.2528493404388428
0,2531,3.2518820762634277
0,2532,3.6921255588531494
0,2533,3.426187515258789
0,2534,3.3817684650421143
0,2535,3.8936169147491455
0,2536,3.37776517868042
0,2537,3.711895704269409
0,2538,3.595703363418579
0,2539,3.1953394412994385
0,2540,3.626000165939331
0,2541,3.4266743659973145
0,2542,3.4114749431610107
0,2543,3.327281951904297
0,2544,3.608259677886963
0,2545,3.2293171882629395
0,2546,3.6997814178466797
0,2547,3.4923665523529053
0,2548,3.2985270023345947
0,2549,3.5351614952087402
0,2550,3.6620595455169678
0,2551,3.5723040103912354
0,2552,3.4998202323913574
0,2553,3.2263500690460205
0,2554,3.366419792175293
0,2555,3.103015422821045
0,2556,3.237572431564331
0,2557,3.564976215362549
0,2558,3.0772759914398193
0,2559,3.362792730331421
0,2560,3.2585346698760986
0,2561,3.3614728450775146
0,2562,3.771857261657715
0,2563,3.2029001712799072
0,2564,3.428731679916382
0,2565,3.359504461288452
0,2566,3.8627655506134033
0,2567,3.2832419872283936
0,2568,3.5271618366241455
0,2569,3.3365964889526367
0,2570,3.3599328994750977
0,2571,3.1596202850341797
0,2572,3.655571460723877
0,2573,3.385161876678467
0,2574,3.5838096141815186
0,2575,3.295535087585449
0,2576,3.4577066898345947
0,2577,3.024829864501953
0,2578,3.2784905433654785
0,2579,2.828498363494873
0,2580,2.9737517833709717
0,2581,3.210629940032959
0,2582,3.284487009048462
0,2583,3.4873063564300537
0,2584,3.333186626434326
0,2585,3.726055383682251
0,2586,4.027752876281738
0,2587,3.560238838195801
0,2588,3.268737316131592
0,2589,3.1976242065429688
0,2590,3.442474842071533
0,2591,3.134167432785034
0,2592,3.1533567905426025
0,2593,3.1737687587738037
0,2594,3.3585338592529297
0,2595,3.148120880126953
0,2596,3.7319698333740234
0,2597,3.3258588314056396
0,2598,3.442511796951294
0,2599,3.2566776275634766
0,2600,3.3507723808288574
0,2601,3.3129355907440186
0,2602,3.154505729675293
0,2603,3.602705478668213
0,2604,3.0526888370513916
0,2605,3.26374888420105
0,2606,2.438352584838867
0,2607,2.8718647956848145
0,2608,3.549684524536133
0,2609,3.2288146018981934
0,2610,3.3207497596740723
0,2611,3.230152130126953
0,2612,3.3171424865722656
0,2613,3.1633059978485107
0,2614,3.8518364429473877
0,2615,3.413146495819092
0,2616,3.5487899780273438
0,2617,3.2181429862976074
0,2618,3.517235279083252
0,2619,3.4461991786956787
0,2620,3.551417827606201
0,2621,3.4554009437561035
0,2622,3.5213260650634766
0,2623,3.301076650619507
0,2624,3.403101682662964
0,2625,3.426082134246826
0,2626,3.8770058155059814
0,2627,3.7323272228240967
0,2628,3.7370526790618896
0,2629,3.1256263256073
0,2630,3.3689522743225098
0,2631,3.8045005798339844
0,2632,3.261918783187866
0,2633,3.1623177528381348
0,2634,3.2441487312316895
0,2635,3.4043447971343994
0,2636,3.471599817276001
0,2637,3.2799715995788574
0,2638,3.6465823650360107
0,2639,3.3312885761260986
0,2640,3.4043784141540527
0,2641,3.431516408920288
0,2642,3.0460479259490967
0,2643,3.6491763591766357
0,2644,3.3765695095062256
0,2645,3.676055908203125
0,2646,3.2020230293273926
0,2647,3.6663103103637695
0,2648,3.2293028831481934
0,2649,3.7338109016418457
0,2650,3.3220043182373047
0,2651,3.3898916244506836
0,2652,3.248835325241089
0,2653,3.3311657905578613
0,2654,3.082327127456665
0,2655,3.3413186073303223
0,2656,3.500152349472046
0,2657,3.540910005569458
0,2658,3.3477203845977783
0,2659,3.5995352268218994
0,2660,3.3216195106506348
0,2661,3.634084463119507
0,2662,3.670684337615967
0,2663,3.219505548477173
0,2664,2.981496810913086
0,2665,3.10329270362854
0,2666,3.733426094055176
0,2667,3.344435691833496
0,2668,3.3039464950561523
0,2669,3.5749473571777344
0,2670,3.405047655105591
0,2671,3.1505370140075684
0,2672,3.2851250171661377
0,2673,3.5525147914886475
0,2674,3.6175787448883057
0,2675,3.068646192550659
0,2676,3.0414514541625977
0,2677,2.746385335922241
0,2678,3.2965805530548096
0,2679,3.2030460834503174
0,2680,3.2658047676086426
0,2681,2.866286039352417
0,2682,3.5099494457244873
0,2683,3.456312894821167
0,2684,2.9561493396759033
0,2685,3.2895445823669434
0,2686,3.075834274291992
0,2687,3.2125258445739746
0,2688,3.2873902320861816
0,2689,3.414630889892578
0,2690,3.0842812061309814
0,2691,3.2548797130584717
0,2692,3.7227447032928467
0,2693,3.1385066509246826
0,2694,3.704317331314087
0,2695,3.2083373069763184
0,2696,3.4321651458740234
0,2697,4.011073112487793
0,2698,3.5964109897613525
0,2699,3.298508644104004
0,2700,3.2909584045410156
0,2701,3.317409038543701
0,2702,3.4922800064086914
0,2703,3.4706876277923584
0,2704,3.429607629776001
0,2705,3.727764368057251
0,2706,3.4726145267486572
0,2707,3.391143321990967
0,2708,3.3573222160339355
0,2709,3.294099807739258
0,2710,3.060274124145508
0,2711,3.638514995574951
0,2712,3.6862308979034424
0,2713,2.965562105178833
0,2714,3.0437569618225098
0,2715,3.370321750640869
0,2716,3.5346810817718506
0,2717,3.295923948287964
0,2718,3.4777722358703613
0,2719,3.153982400894165
0,2720,3.2947676181793213
0,2721,3.2061243057250977
0,2722,3.1204888820648193
0,2723,3.266207695007324
0,2724,3.194361686706543
0,2725,3.230665922164917
0,2726,3.2634341716766357
0,2727,3.044299840927124
0,2728,3.8175506591796875
0,2729,3.527711868286133
0,2730,3.8430261611938477
0,2731,3.604708433151245
0,2732,3.582840919494629
0,2733,3.6474506855010986
0,2734,3.25437068939209
0,2735,3.702115058898926
0,2736,2.9360523223876953
0,2737,3.0776119232177734
0,2738,3.033557891845703
0,2739,3.9244048595428467
0,2740,3.6706342697143555
0,2741,3.748164176940918
0,2742,3.4637107849121094
0,2743,3.7322816848754883
0,2744,3.6087429523468018
0,2745,3.5980989933013916
0,2746,3.50956392288208
0,2747,3.848834991455078
0,2748,3.3751323223114014
0,2749,3.556894540786743
0,2750,2.8259332180023193
0,2751,3.2356324195861816
0,2752,3.7716217041015625
0,2753,3.2083046436309814
0,2754,3.1688740253448486
0,2755,3.1553151607513428
0,2756,3.2902579307556152
0,2757,3.0182132720947266
0,2758,3.0771617889404297
0,2759,3.1392290592193604
0,2760,2.8862881660461426
0,2761,2.8396337032318115
0,2762,2.827644109725952
0,2763,2.6217098236083984
0,2764,2.2753822803497314
0,2765,3.134573459625244
0,2766,3.2106821537017822
0,2767,3.7208151817321777
0,2768,3.602543354034424
0,2769,3.747002363204956
0,2770,3.555013418197632
0,2771,3.0368263721466064
0,2772,3.4302518367767334
0,2773,3.237802028656006
0,2774,3.508998394012451
0,2775,3.230257511138916
0,2776,3.7770233154296875
0,2777,3.488590955734253
0,2778,3.190156936645508
0,2779,3.502930164337158
0,2780,3.761765956878662
0,2781,3.390782356262207
0,2782,3.0661189556121826
0,2783,3.4832427501678467
0,2784,3.4234204292297363
0,2785,3.2450034618377686
0,2786,3.472602128982544
0,2787,3.2484471797943115
0,2788,3.4513120651245117
0,2789,3.414245843887329
0,2790,2.987550973892212
0,2791,3.7844767570495605
0,2792,3.5404117107391357
0,2793,3.2242767810821533
0,2794,3.5951569080352783
0,2795,3.232673406600952
0,2796,3.050349235534668
0,2797,3.3938076496124268
0,2798,3.539175033569336
0,2799,2.9063398838043213
0,2800,3.7132108211517334
0,2801,3.8104140758514404
0,2802,3.508725881576538
0,2803,3.1948328018188477
0,2804,3.1767711639404297
0,2805,3.2458279132843018
0,2806,3.4104557037353516
0,2807,3.403028964996338
0,2808,3.179610252380371
0,2809,3.42118501663208
0,2810,2.98518705368042
0,2811,2.9474008083343506
0,2812,3.3098137378692627
0,2813,3.66593599319458
0,2814,3.0555615425109863
0,2815,3.5864200592041016
0,2816,3.627457857131958
0,2817,3.171145439147949
0,2818,3.278977394104004
0,2819,3.3855721950531006
0,2820,3.158113479614258
0,2821,3.477499008178711
0,2822,3.2634379863739014
0,2823,3.5758373737335205
0,2824,3.1079282760620117
0,2825,3.6574196815490723
0,2826,3.474308729171753
0,2827,3.1950414180755615
0,2828,3.281297206878662
0,2829,3.3974432945251465
0,2830,3.5678610801696777
0,2831,3.109034538269043
0,2832,2.5985403060913086
0,2833,2.7108631134033203
0,2834,3.7154064178466797
0,2835,3.4743149280548096
0,2836,3.584104299545288
0,2837,3.3402466773986816
0,2838,3.0307207107543945
0,2839,3.1857097148895264
0,2840,3.1850037574768066
0,2841,3.5394551753997803
0,2842,3.2932639122009277
0,2843,3.784571409225464
0,2844,3.559966802597046
0,2845,3.570586681365967
0,2846,3.6182618141174316
0,2847,3.699709177017212
0,2848,3.3081016540527344
0,2849,3.3188750743865967
0,2850,3.3668360710144043
0,2851,3.232590675354004
0,2852,4.0041937828063965
0,2853,3.388315439224243
0,2854,3.1660420894622803
0,2855,3.6591827869415283
0,2856,3.2424824237823486
0,2857,3.2772486209869385
0,2858,3.099491834640503
0,2859,3.0494449138641357
0,2860,3.2320854663848877
0,2861,3.65063214302063
0,2862,3.223554849624634
0,2863,3.5549042224884033
0,2864,2.9803457260131836
0,2865,3.0737671852111816
0,2866,2.8618791103363037
0,2867,2.8699088096618652
0,2868,3.088681221008301
0,2869,2.8477702140808105
